,GABAcl,zr,p,q,sig
0,GABAcl1,-0.357192772241904,0.12318,0.16424,False
1,GABAcl2,0.512272495738958,0.00039992,0.00079984,True
2,GABAcl3,0.455495064344064,0.00019996,0.00079984,True
3,GABAcl4,-0.0450775612958486,0.63767,0.63767,False
