,zr,p,q
GABAcl1,-0.2328764,0.9518,0.9518
GABAcl2,0.43141076,0.007,0.014
GABAcl3,0.4485996,0.0052,0.014
GABAcl4,-0.18903036,0.9322,0.9518
