,zr,p
GABAa,0.51264095,0.0002
SV2a,0.40752745,0.0014
mGluR5,0.36031625,0.005
5HT2a,0.4910632,0.0046
M1,0.2586462,0.0404
