,total dominance,relative dominance,individual dominance
GABAa,0.06221088,0.1981766,0.16112864
SV2a,0.04451733,0.14181271,0.15886006
mGluR5,0.05793829,0.18456599,0.16290477
Ex3,0.08209186,0.26150867,0.2168404
In5,0.043637067,0.13900857,0.11500708
In6,0.023520963,0.07492748,0.08939134
