,zr,p
GABAa,0.42952603,0.002
SV2a,0.28665864,0.0472
mGluR5,0.26100466,0.0886
5HT2a,0.19188088,0.16
M1,0.28115538,0.0626
