macm.rTPJ,macm.lTPJ,macm.rIFG,macm.rMCC,macm.lIns,macm.rTh,macm.rPal
,0.45215412195722804,0.28916893509200586,,,,
0.42820159845357586,,,,0.09695048329128834,,
0.2752372431216757,,,0.15093318591471538,0.2267688734379291,,0.01951510527169641
,,0.14647893979390256,,0.28165948696274,0.05413909882201843,0.04402669662703282
,0.09576509171230631,0.22158671588927495,0.2825295182315792,,,
,,,0.04885998375407666,,,0.037435807483148634
,,,0.03907092780175645,,0.0371313126183099,
